url,product
https://pixabay.com/get/g8adb5b8ef324d1fb1f822d71800e29b74d7b22470f48a5ac27175de0e1e8ca88872666f3026f7d6bcd7da7f132ec15ff878c679a968d30c3451e6aab4cd5f096_1920.jpg,당근케이크
https://pixabay.com/get/g3328aada63f9627a61ccb55be8b496c9fc938c39bb35e6cfddc520b638623dcca04677bb82cc98b0c156a708db097a2e012562d42c8d0a4993aa2466cab30bcd_1920.jpg,당근케이크
https://pixabay.com/get/g7bada034b59d7ae6dc014196fab86714aba0dce3893d3fab5f30cbf8b272b4f01ee97a80249681afb66d78403dd7abb3d93be9035c71821e8fc977433e80328f_1920.jpg,딸기케이크
https://pixabay.com/get/gbcefe53afcd07f59705d87f871cbeb357f4e984f207ecb84284586ffcacc06c8232316b62f4be830105f24a9122f178c_1920.jpg,딸기케이크
https://pixabay.com/get/gca82e211fa238c80795ef61d8d3a84a007a9c367899e1126a35e9f7499aa714174575176d1a92bbc14362e651ffc38510a62d7d5df0bf6ded5f9630bcc137288_1920.jpg,치즈케이크
https://pixabay.com/get/gc8888c5d2c2d375cc1e47f0149c434b19c718c6d9b7bb071739ad22f49e1eb13220dff45f70c284bfb8d05c5bee923acc0be7753109bf79c4623940715833ad0_1920.jpg,치즈케이크
https://pixabay.com/get/g01d09d805a862cb810898e8d8263e3a0b18be18068f8d5471bc30892a88e44d9cf9ac294e1b0aa343ea6d7b44a2f0a651674db78a49bd2427434c27159b4b40b_1920.jpg,에그타르트
https://pixabay.com/get/g8baea61642017285dac7097b0a7068a8b44e36ff87ec07575b25612ba54625fd75b2e397368198a0d5f4fbe3ef7295692060e8ea7bfa7c29551adcaf95bbb55d_1920.jpg,에그타르트
https://pixabay.com/get/g44153007884f181ab978ac69bfc50cf02e7143128eff9a76e86659d8f4acdeb8c8127c8d348488e7b637e5783dd756ebf210cb8d1c6dbe5071e4d4cf597bc3e9_1920.jpg,딸기타르트
https://pixabay.com/get/g5b62390ed824eb3f84ec8dcf07ffeb28586bd480015a071d463643210b55d1725bece69094e1d1f55cbdb32b1efd94fc58d3ee4e5bf9e498923de047c0c63ce6_1920.jpg,딸기타르트